<?xml version="1.0" encoding="utf-8"?>
<extension type="module" version="2.5" client="site" method="upgrade">
	<name>Comunidad - Ultimos Miembros</name>
	<author>JomSocial Team</author>
	<creationDate>April 2013</creationDate>
	<copyright>Copyright (C) 2008 - 2013 JomSocial. All rights reserved.</copyright>
	<license>http://www.gnu.org/licenses/gpl-2.0.html GNU/GPL</license>
	<authorEmail>support@jomsocial.com</authorEmail>
	<authorUrl>http://www.jomsocial.com</authorUrl>
	<version>3.0.5.3</version>
	<description>Ultimos Miembros</description>

	<files>
		<filename module="mod_community_members">mod_community_members.php</filename>
		<filename>mod_community_members.xml</filename>
		<folder>tmpl</folder>
	</files>

	<config>
		<fields name="params">
			<fieldset name="basic">
				<field name="moduleclass_sfx" type="text" default=" cModule cFrontPage-LatestMembers app-box" label="Clase de Sufijo del Modulo" description="PARAMMODULECLASSSUFFIX" />
				<field name="default" type="text" default="5" label="Valor predeterminado de Miembros" description="Valor predeterminado de Miembros" />
			</fieldset>
		</fields>
	</config>
</extension>
