<?xml version="1.0" encoding="utf-8"?>
<!DOCTYPE install SYSTEM "http://dev.joomla.org/xml/1.5/module-install.dtd">
<extension version="2.5" type="module" client="site" method="upgrade">
	<name>Comunidad - Últimas actividades</name>
	<author>JomSocial Team</author>
	<creationDate>March 2011</creationDate>
	<copyright>Copyright (C) 2008 - 2010 JomSocial. All rights reserved.</copyright>
	<license>http://www.gnu.org/licenses/gpl-2.0.html GNU/GPL</license>
	<authorEmail>support@jomsocial.com</authorEmail>
	<authorUrl>http://www.jomsocial.com</authorUrl>	
	<version>3.0.5.3</version>
	<description>Ultimas Actividades</description>
	<files>
		<filename module="mod_activitystream">mod_activitystream.php</filename>
		<filename>mod_activitystream.xml</filename>
		<folder>tmpl</folder>
	</files>
	<params>
		<param name="max_entry" type="text" default="10" label="Entradas maximas" description="Maximas entradas a mostrar." />
		<param name="moduleclass_sfx" type="text" default="" label="Clase de Sufijo del Modulo" description="PARAMMODULECLASSSUFFIX" />
		<param name="show_content" type="list" default="0" label="Mostrar contenido actividad" description="Mostrar u ocultar contenido de la Actividad.">
			<option value="1">Si</option>
			<option value="0">No</option>
		</param>
	</params>
	<config>
		<fields name="params">
			<fieldset name="basic">
				<field name="max_entry" type="text" default="10" label="Entradas maximas" description="Maximas entradas a mostrar." />
				<field name="moduleclass_sfx" type="text" default="" label="Clase de Sufijo del Modulo" description="PARAMMODULECLASSSUFFIX" />
			</fieldset>
		</fields>
	</config>
</extension>
