<?xml version="1.0" encoding="utf-8"?>
<!DOCTYPE install SYSTEM "http://dev.joomla.org/xml/1.5/module-install.dtd">
<extension version="2.5" type="module" client="site" method="upgrade">
	<name>Comunidad - Grupos activos</name>
	<author>JomSocial Team</author>
	<creationDate>March 2011</creationDate>
	<copyright>Copyright (C) 2008 - 2010 JomSocial. All rights reserved.</copyright>
	<license>http://www.gnu.org/licenses/gpl-2.0.html GNU/GPL</license>
	<authorEmail>support@jomsocial.com</authorEmail>
	<authorUrl>http://www.jomsocial.com</authorUrl>
	<version>3.0.5.3</version>
	<description>Muestra los grupos mas activos de los grupos creados en JomSocial</description>
	<languages>
		<language tag="en-GB">en-GB.mod_activegroups.ini</language>
		<language tag="es-ES">es-ES.mod_activegroups.ini</language>
	</languages>
	<files>
		<filename module="mod_activegroups">mod_activegroups.php</filename>
		<filename>mod_activegroups.xml</filename>
		<filename>helper.php</filename>
		<filename>index.html</filename>
		<folder>tmpl</folder>
	</files>
	<params>
		<param name="cache" type="list" default="1" label="Caching" description="Seleccionar el uso de cacahe de este modulo">
			<option value="1">Usar global</option>
			<option value="0">Sin cache</option>
		</param>
		<param name="count" type="text" default="5" label="Cantidad" description="Número de grupos activos a mostrar (Por defecto 5)" />
		<param name="show_total" type="list" default="1" label="Mostrar todos los miembros" description="Selecionar si deseas mostrar el total de miembros del grupo.">
			<option value="1">Si</option>
			<option value="0">No</option>
		</param>
		<param name="moduleclass_sfx" type="text" default="" label="Clase de sufijo de modulo" description="PARAMMODULECLASSSUFFIX" />
	</params>
	<config>
		<fields name="params">
			<fieldset name="basic">
				<field name="cache" type="list" default="1" label="Caching" description="Seleccionar el uso de cacahe de este modulo">
					<option value="1">Usar global</option>
					<option value="0">Sin cache</option>
				</field>
				<field name="count" type="text" default="5" label="Cantidad" description="Número de grupos activos a mostrar (Por defecto 5)" />
				<field name="show_avatar" type="list" default="1" label="Mostrar avatar" description="Selecciona si deseas mostrar los avatares">
					<option value="1">Si</option>
					<option value="0">No</option>
				</field>
				<field name="show_total" type="list" default="1" label="Mostrar todos los miembros" description="Selecionar si deseas mostrar el total de miembros del grupo.">
					<option value="1">Si</option>
					<option value="0">No</option>
				</field>
				<field name="moduleclass_sfx" type="text" default="" label="Clase de sufijo de modulo" description="PARAMMODULECLASSSUFFIX" />
			</fieldset>
		</fields>
	</config>
</extension>