<?xml version="1.0" encoding="utf-8"?>
<!DOCTYPE install SYSTEM "http://dev.joomla.org/xml/1.5/module-install.dtd">
<extension version="2.5" type="module" client="site" method="upgrade">
	<name>Comunidad - Búsqueda de Cita</name>
	<author>JomSocial Team</author>
	<creationDate>March 2011</creationDate>
	<copyright>Copyright (C) 2008 - 2010 JomSocial. All rights reserved.</copyright>
	<license>http://www.gnu.org/licenses/gpl-2.0.html GNU/GPL</license>
	<authorEmail>support@jomsocial.com</authorEmail>
	<authorUrl>http://www.jomsocial.com</authorUrl>	
	<version>3.0.5.3</version>
	<description>Búsqueda de Cita</description>
	<languages>
		<language tag="en-GB">en-GB.mod_datingsearch.ini</language>
		<language tag="es-ES">es-ES.mod_datingsearch.ini</language>
	</languages>
	<files>
		<filename module="mod_datingsearch">mod_datingsearch.php</filename>
		<filename>mod_datingsearch.xml</filename>
		<filename>helper.php</filename>
		<filename>index.html</filename>
		<filename>tmpl/index.html</filename>
		<filename>tmpl/default.php</filename>		
	</files>
	<params>
		<param name="field_gender" type="text" default="FIELD_GENDER" label="Código de campo Sexo" description="El codigo de campo sexo en tu perfil, dejarlo como predeterminado si no se realiza ningún cambio en este campo." />
        <param name="field_birthdate" type="text" default="FIELD_BIRTHDATE" label="Código de campo Cumpleaños" description="El codigo de campo cumpleaños en tu perfil, dejarlo como predeterminado si no se realiza ningún cambio en este campo." />
        <param name="field_country" type="text" default="FIELD_COUNTRY" label="Código de campo Pais" description="El codigo de campo pais en tu perfil, dejarlo como predeterminado si no se realiza ningún cambio en este campo." />
        <param name="field_state" type="text" default="FIELD_STATE" label="Código de campo Estado" description="El codigo de campo estado en tu perfil, dejarlo como predeterminado si no se realiza ningún cambio en este campo." />
		<param name="field_city" type="text" default="FIELD_CITY" label="Código de campo Ciudad" description="El codigo de campo ciudad en tu perfil, dejarlo como predeterminado si no se realiza ningún cambio en este campo." />
        <param name="moduleclass_sfx" type="text" default="" label="Clase de Sufijo del Modulo" description="PARAMMODULECLASSSUFFIX" />
	</params>
	<config>
		<fields name="params">
			<fieldset name="basic">
				<field name="field_gender" type="text" default="FIELD_GENDER" label="Código de campo Sexo" description="El codigo de campo sexo en tu perfil, dejarlo como predeterminado si no se realiza ningún cambio en este campo." />
				<field name="field_birthdate" type="text" default="FIELD_BIRTHDATE" label="Código de campo Cumpleaños" description="El codigo de campo cumpleaños en tu perfil, dejarlo como predeterminado si no se realiza ningún cambio en este campo." />
				<field name="field_country" type="text" default="FIELD_COUNTRY" label="Código de campo Pais" description="El codigo de campo pais en tu perfil, dejarlo como predeterminado si no se realiza ningún cambio en este campo." />
				<field name="field_state" type="text" default="FIELD_STATE" label="Código de campo Estado" description="El codigo de campo estado en tu perfil, dejarlo como predeterminado si no se realiza ningún cambio en este campo." />
				<field name="field_city" type="text" default="FIELD_CITY" label="Código de campo Ciudad" description="El codigo de campo ciudad en tu perfil, dejarlo como predeterminado si no se realiza ningún cambio en este campo." />
				<field name="moduleclass_sfx" type="text" default="" label="Clase de Sufijo del Modulo" description="PARAMMODULECLASSSUFFIX" />
			</fieldset>
		</fields>
	</config>
</extension>