<?xml version="1.0" encoding="utf-8"?>
<extension type="module" version="2.5" client="site" method="upgrade">
	<name>Comunidad - Quien está en línea</name>
	<author>JomSocial Team</author>
	<creationDate>April 2013</creationDate>
	<copyright>Copyright (C) 2008 - 2013 JomSocial. All rights reserved.</copyright>
	<license>http://www.gnu.org/licenses/gpl-2.0.html GNU/GPL</license>
	<authorEmail>support@jomsocial.com</authorEmail>
	<authorUrl>http://www.jomsocial.com</authorUrl>
	<version>3.0.5.3</version>
	<description>Quien está en línea</description>

	<files>
		<filename module="mod_community_whosonline">mod_community_whosonline.php</filename>
		<filename>mod_community_whosonline.xml</filename>
		<folder>tmpl</folder>
	</files>

	<config>
		<fields name="params">
			<fieldset name="basic">
				<field name="moduleclass_sfx" type="text" default="cModule cFrontPage-ShowOnline app-box" label="Clase de Sufijo del Modulo" description="PARAMMODULECLASSSUFFIX" />
				<field name="default" type="text" default="20" label="Valor por defecto de Quien está en línea" description="Valor por defecto de Quien está en línea" />
			</fieldset>
		</fields>
	</config>
</extension>
